﻿ID de caso;Fecha;Código DIVIPOLA;Ciudad de ubicación;Departamento o Distrito ;atención;Edad;Sexo;Tipo;Estado;País de procedencia
1;2020-03-02T00:00:00.000;11001;Bogotá D.C.;Bogotá D.C.;Recuperado;19;F;Importado;Leve;ITALIA
2;2020-03-06T00:00:00.000;76111;Guadalajara de Buga;Valle del Cauca;Recuperado;34;M;Importado;Leve;ESPAÑA
3;2020-03-07T00:00:00.000;5001;Medellín;Antioquia;Recuperado;50;F;Importado;Leve;ESPAÑA
4;2020-03-09T00:00:00.000;5001;Medellín;Antioquia;Recuperado;55;M;Relacionado;Leve;
5;2020-03-09T00:00:00.000;5001;Medellín;Antioquia;Recuperado;25;M;Relacionado;Leve;
6;2020-03-10T00:00:00.000;5360;Itagüí;Antioquia;Recuperado;27;F;Relacionado;Leve;
7;2020-03-08T00:00:00.000;13001;Cartagena de Indias;Cartagena D.T. y C.;Recuperado;85;F;Importado;Leve;ESTADOS UNIDOS
8;2020-03-09T00:00:00.000;11001;Bogotá D.C.;Bogotá D.C.;Recuperado;22;F;Importado;Leve;ESPAÑA
9;2020-03-08T00:00:00.000;11001;Bogotá D.C.;Bogotá D.C.;Recuperado;28;F;Importado;Leve;ESPAÑA
10;2020-03-12T00:00:00.000;11001;Bogotá D.C.;Bogotá D.C.;Recuperado;36;F;Importado;Leve;ESPAÑA
11;2020-03-11T00:00:00.000;11001;Bogotá D.C.;Bogotá D.C.;Recuperado;42;F;Importado;Leve;ESPAÑA
12;2020-03-10T00:00:00.000;41001;Neiva;Huila;Recuperado;74;F;Importado;Leve;ITALIA
13;2020-03-10T00:00:00.000;41001;Neiva;Huila;Recuperado;68;F;Relacionado;Leve;
14;2020-03-10T00:00:00.000;76520;Palmira;Valle del Cauca;Recuperado;48;M;Importado;Leve;ESPAÑA
15;2020-03-13T00:00:00.000;50001;Villavicencio;Meta;Recuperado;30;F;Importado;Leve;ESPAÑA
16;2020-03-11T00:00:00.000;11001;Bogotá D.C.;Bogotá D.C.;Recuperado;61;F;Importado;Leve;ITALIA
17;2020-03-11T00:00:00.000;11001;Bogotá D.C.;Bogotá D.C.;Recuperado;73;F;Importado;Leve;ESPAÑA
18;2020-03-11T00:00:00.000;11001;Bogotá D.C.;Bogotá D.C.;Recuperado;54;M;Importado;Leve;ESPAÑA
19;2020-03-12T00:00:00.000;11001;Bogotá D.C.;Bogotá D.C.;Recuperado;54;F;Relacionado;Leve;
20;2020-03-11T00:00:00.000;5001;Medellín;Antioquia;Recuperado;26;F;Relacionado;Leve;
21;2020-03-11T00:00:00.000;5001;Medellín;Antioquia;Recuperado;28;M;Relacionado;Leve;
22;2020-03-12T00:00:00.000;5615;Rionegro;Antioquia;Recuperado;36;M;Importado;Leve;ESTADOS UNIDOS
23;2020-03-12T00:00:00.000;11001;Bogotá D.C.;Bogotá D.C.;Recuperado;23;M;Relacionado;Leve;
24;2020-03-12T00:00:00.000;11001;Bogotá D.C.;Bogotá D.C.;Recuperado;18;F;Importado;Leve;ESPAÑA
25;2020-03-13T00:00:00.000;76001;Cali;Valle del Cauca;Recuperado;49;M;Importado;Leve;ESPAÑA
26;2020-03-15T00:00:00.000;13001;Cartagena de Indias;Cartagena D.T. y C.;Recuperado;30;F;Relacionado;Asintomático;
27;2020-03-15T00:00:00.000;13001;Cartagena de Indias;Cartagena D.T. y C.;Recuperado;30;F;Relacionado;Asintomático;
28;2020-03-12T00:00:00.000;66170;Dosquebradas;Risaralda;Recuperado;22;M;Importado;Leve;ESTADOS UNIDOS
29;2020-03-12T00:00:00.000;41001;Neiva;Huila;Recuperado;55;F;Relacionado;Leve;
30;2020-03-13T00:00:00.000;54001;Cúcuta;Norte de Santander;Recuperado;48;F;Importado;Leve;ESPAÑA
31;2020-03-12T00:00:00.000;17001;Manizales;Caldas;Recuperado;65;M;Importado;Leve;ESTADOS UNIDOS
32;2020-03-11T00:00:00.000;5001;Medellín;Antioquia;Recuperado;55;M;Importado;Leve;ESPAÑA
33;2020-03-13T00:00:00.000;11001;Bogotá D.C.;Bogotá D.C.;Recuperado;59;M;Importado;Leve;ESPAÑA
34;2020-03-13T00:00:00.000;11001;Bogotá D.C.;Bogotá D.C.;Recuperado;23;F;Importado;Leve;ESPAÑA
35;2020-03-12T00:00:00.000;11001;Bogotá D.C.;Bogotá D.C.;Recuperado;54;M;Importado;Leve;ESPAÑA
36;2020-03-13T00:00:00.000;11001;Bogotá D.C.;Bogotá D.C.;Recuperado;72;M;Importado;Leve;ESTADOS UNIDOS
37;2020-03-13T00:00:00.000;11001;Bogotá D.C.;Bogotá D.C.;Recuperado;45;F;Relacionado;Leve;
38;2020-03-14T00:00:00.000;11001;Bogotá D.C.;Bogotá D.C.;Recuperado;29;M;Importado;Leve;ESPAÑA
39;2020-03-13T00:00:00.000;11001;Bogotá D.C.;Bogotá D.C.;Recuperado;21;M;Importado;Leve;ESPAÑA
40;2020-03-14T00:00:00.000;11001;Bogotá D.C.;Bogotá D.C.;Recuperado;23;F;Importado;Leve;ESPAÑA
41;2020-03-14T00:00:00.000;41001;Neiva;Huila;Recuperado;79;M;Relacionado;Asintomático;
42;2020-03-14T00:00:00.000;41001;Neiva;Huila;Recuperado;52;F;Relacionado;Leve;
43;2020-03-14T00:00:00.000;41001;Neiva;Huila;Recuperado;71;M;Relacionado;Leve;
44;2020-03-14T00:00:00.000;41001;Neiva;Huila;Recuperado;24;F;Relacionado;Leve;
45;2020-03-15T00:00:00.000;25769;Subachoque;Cundinamarca;Recuperado;29;M;Importado;Leve;ESPAÑA
46;2020-03-13T00:00:00.000;11001;Bogotá D.C.;Bogotá D.C.;Recuperado;44;F;Relacionado;Leve;
47;2020-03-13T00:00:00.000;11001;Bogotá D.C.;Bogotá D.C.;Recuperado;38;M;Relacionado;Leve;
48;2020-03-15T00:00:00.000;11001;Bogotá D.C.;Bogotá D.C.;Recuperado;31;M;Relacionado;Asintomático;
49;2020-03-15T00:00:00.000;11001;Bogotá D.C.;Bogotá D.C.;Recuperado;41;F;Importado;Leve;ESPAÑA
50;2020-03-14T00:00:00.000;11001;Bogotá D.C.;Bogotá D.C.;Recuperado;67;F;Importado;Leve;ESPAÑA
51;2020-03-15T00:00:00.000;25754;Soacha;Cundinamarca;Recuperado;24;M;Importado;Leve;ECUADOR
52;2020-03-15T00:00:00.000;11001;Bogotá D.C.;Bogotá D.C.;Recuperado;29;M;Importado;Leve;ESPAÑA
53;2020-03-14T00:00:00.000;11001;Bogotá D.C.;Bogotá D.C.;Recuperado;62;M;Importado;Leve;ESPAÑA
54;2020-03-15T00:00:00.000;11001;Bogotá D.C.;Bogotá D.C.;Recuperado;42;F;Importado;Leve;ESPAÑA
55;2020-03-16T00:00:00.000;11001;Bogotá D.C.;Bogotá D.C.;Recuperado;58;F;Relacionado;Leve;
56;2020-03-14T00:00:00.000;11001;Bogotá D.C.;Bogotá D.C.;Recuperado;34;M;Importado;Leve;ESPAÑA
57;2020-03-15T00:00:00.000;11001;Bogotá D.C.;Bogotá D.C.;Recuperado;37;M;Relacionado;Leve;
58;2020-03-13T00:00:00.000;13001;Cartagena de Indias;Cartagena D.T. y C.;Recuperado;27;M;Relacionado;Leve;
59;2020-03-14T00:00:00.000;8001;Barranquilla;Barranquilla D.E.;Recuperado;20;M;Importado;Leve;ESPAÑA
60;2020-03-14T00:00:00.000;68276;Floridablanca;Santander;Recuperado;24;M;Importado;Leve;ESPAÑA
61;2020-03-16T00:00:00.000;8001;Barranquilla;Barranquilla D.E.;Recuperado;21;M;Importado;Leve;ESPAÑA
62;2020-03-14T00:00:00.000;76001;Cali;Valle del Cauca;Recuperado;32;M;Importado;Leve;ITALIA
63;2020-03-16T00:00:00.000;76001;Cali;Valle del Cauca;Recuperado;26;F;Importado;Leve;FRANCIA
64;2020-03-16T00:00:00.000;11001;Bogotá D.C.;Bogotá D.C.;Recuperado;31;M;Importado;Leve;ESPAÑA
65;2020-03-16T00:00:00.000;11001;Bogotá D.C.;Bogotá D.C.;Recuperado;64;M;Relacionado;Leve;
66;2020-03-16T00:00:00.000;11001;Bogotá D.C.;Bogotá D.C.;Recuperado;40;F;Importado;Leve;ESPAÑA
67;2020-03-14T00:00:00.000;11001;Bogotá D.C.;Bogotá D.C.;Recuperado;21;M;Importado;Leve;ESPAÑA
68;2020-03-16T00:00:00.000;11001;Bogotá D.C.;Bogotá D.C.;Recuperado;72;M;Importado;Leve;ESPAÑA
69;2020-03-17T00:00:00.000;11001;Bogotá D.C.;Bogotá D.C.;Recuperado;22;F;Importado;Leve;ESTADOS UNIDOS
70;2020-03-16T00:00:00.000;11001;Bogotá D.C.;Bogotá D.C.;Recuperado;37;F;Importado;Leve;TURQUÍA
71;2020-03-17T00:00:00.000;54001;Cúcuta;Norte de Santander;Recuperado;54;M;Importado;Leve;ESPAÑA
72;2020-03-15T00:00:00.000;54001;Cúcuta;Norte de Santander;Recuperado;22;F;Relacionado;Leve;
73;2020-03-16T00:00:00.000;13001;Cartagena de Indias;Cartagena D.T. y C.;Recuperado;54;F;Relacionado;Leve;
74;2020-03-16T00:00:00.000;11001;Bogotá D.C.;Bogotá D.C.;Recuperado;18;M;Relacionado;Leve;
75;2020-03-17T00:00:00.000;11001;Bogotá D.C.;Bogotá D.C.;Recuperado;49;F;Relacionado;Leve;
76;2020-03-14T00:00:00.000;63001;Armenia;Quindío;Recuperado;46;F;Importado;Leve;ITALIA
77;2020-03-15T00:00:00.000;63001;Armenia;Quindío;Recuperado;18;M;Importado;Leve;ESPAÑA
78;2020-03-17T00:00:00.000;76520;Palmira;Valle del Cauca;Recuperado;39;F;Relacionado;Leve;
79;2020-03-14T00:00:00.000;76520;Palmira;Valle del Cauca;Recuperado;9;M;Relacionado;Leve;
80;2020-03-14T00:00:00.000;76520;Palmira;Valle del Cauca;Recuperado;53;F;Relacionado;Leve;
81;2020-03-17T00:00:00.000;76001;Cali;Valle del Cauca;Recuperado;49;F;Importado;Leve;ESTADOS UNIDOS
82;2020-03-16T00:00:00.000;76001;Cali;Valle del Cauca;Recuperado;54;M;Importado;Leve;ESPAÑA
83;2020-03-17T00:00:00.000;76001;Cali;Valle del Cauca;Recuperado;56;M;Importado;Leve;ESTADOS UNIDOS
84;2020-03-16T00:00:00.000;76001;Cali;Valle del Cauca;Recuperado;51;M;Importado;Leve;ECUADOR
85;2020-03-17T00:00:00.000;76001;Cali;Valle del Cauca;Recuperado;42;F;Relacionado;Asintomático;
86;2020-03-15T00:00:00.000;66001;Pereira;Risaralda;Recuperado;29;M;Importado;Leve;FRANCIA
87;2020-03-16T00:00:00.000;25126;Cajicá;Cundinamarca;Recuperado;45;M;Importado;Leve;ESPAÑA
88;2020-03-15T00:00:00.000;73001;Ibagué;Tolima;Recuperado;36;M;Relacionado;Leve;
89;2020-03-14T00:00:00.000;68001;Bucaramanga;Santander;Recuperado;39;F;Importado;Leve;ESPAÑA
90;2020-03-15T00:00:00.000;41001;Neiva;Huila;Recuperado;53;F;Relacionado;Leve;
91;2020-03-17T00:00:00.000;25126;Cajicá;Cundinamarca;Recuperado;32;M;Importado;Leve;ESPAÑA
92;2020-03-18T00:00:00.000;11001;Bogotá D.C.;Bogotá D.C.;Recuperado;50;M;Relacionado;Leve;
93;2020-03-18T00:00:00.000;11001;Bogotá D.C.;Bogotá D.C.;Recuperado;26;F;Importado;Leve;ESPAÑA
94;2020-03-17T00:00:00.000;11001;Bogotá D.C.;Bogotá D.C.;Recuperado;53;M;Importado;Leve;ESTADOS UNIDOS
95;2020-03-17T00:00:00.000;11001;Bogotá D.C.;Bogotá D.C.;Recuperado;69;M;Importado;Leve;TURQUÍA
96;2020-03-17T00:00:00.000;11001;Bogotá D.C.;Bogotá D.C.;Recuperado;37;F;Importado;Leve;ESTADOS UNIDOS
97;2020-03-16T00:00:00.000;13001;Cartagena de Indias;Cartagena D.T. y C.;Recuperado;24;M;Importado;Leve;ESTADOS UNIDOS
98;2020-03-16T00:00:00.000;13001;Cartagena de Indias;Cartagena D.T. y C.;Recuperado;21;M;Importado;Leve;ESPAÑA
99;2020-03-16T00:00:00.000;73001;Ibagué;Tolima;Recuperado;16;M;Relacionado;Leve;
100;2020-03-16T00:00:00.000;66001;Pereira;Risaralda;Recuperado;21;M;Importado;Leve;ESPAÑA
101;2020-03-18T00:00:00.000;66170;Dosquebradas;Risaralda;Recuperado;18;M;Importado;Leve;ESPAÑA
102;2020-03-16T00:00:00.000;66001;Pereira;Risaralda;Recuperado;79;M;Importado;Leve;ESPAÑA
103;2020-03-18T00:00:00.000;13001;Cartagena de Indias;Cartagena D.T. y C.;Recuperado;24;F;Importado;Leve;ESPAÑA
104;2020-03-19T00:00:00.000;8001;Barranquilla;Barranquilla D.E.;Recuperado;48;F;Importado;Leve;ESPAÑA
105;2020-03-19T00:00:00.000;76520;Palmira;Valle del Cauca;Recuperado;23;F;Importado;Leve;ESPAÑA
106;2020-03-19T00:00:00.000;5001;Medellín;Antioquia;Recuperado;44;M;Importado;Leve;ESPAÑA
107;2020-03-12T00:00:00.000;5001;Medellín;Antioquia;Recuperado;56;M;Importado;Leve;ESPAÑA
108;2020-03-17T00:00:00.000;5001;Medellín;Antioquia;Recuperado;57;F;Importado;Leve;ESPAÑA
109;2020-03-17T00:00:00.000;11001;Bogotá D.C.;Bogotá D.C.;Recuperado;54;M;Importado;Leve;ESPAÑA
110;2020-03-17T00:00:00.000;11001;Bogotá D.C.;Bogotá D.C.;Recuperado;62;F;Importado;Leve;ESTADOS UNIDOS
111;2020-03-19T00:00:00.000;11001;Bogotá D.C.;Bogotá D.C.;Recuperado;60;M;Relacionado;Leve;
112;2020-03-17T00:00:00.000;11001;Bogotá D.C.;Bogotá D.C.;Recuperado;30;M;Importado;Leve;ESPAÑA
113;2020-03-17T00:00:00.000;11001;Bogotá D.C.;Bogotá D.C.;Recuperado;33;M;Importado;Leve;ITALIA
114;2020-03-17T00:00:00.000;11001;Bogotá D.C.;Bogotá D.C.;Recuperado;49;M;Importado;Leve;ESTADOS UNIDOS
115;2020-03-17T00:00:00.000;11001;Bogotá D.C.;Bogotá D.C.;Recuperado;29;M;Importado;Leve;ECUADOR
116;2020-03-18T00:00:00.000;11001;Bogotá D.C.;Bogotá D.C.;Recuperado;40;F;Relacionado;Leve;
117;2020-03-17T00:00:00.000;54001;Cúcuta;Norte de Santander;Recuperado;28;M;Importado;Leve;ESPAÑA
118;2020-03-15T00:00:00.000;54001;Cúcuta;Norte de Santander;Recuperado;50;M;Relacionado;Leve;
119;2020-03-18T00:00:00.000;54001;Cúcuta;Norte de Santander;Recuperado;24;M;Relacionado;Asintomático;
120;2020-03-18T00:00:00.000;63001;Armenia;Quindío;Recuperado;23;F;Relacionado;Leve;
121;2020-03-17T00:00:00.000;19001;Popayán;Cauca;Recuperado;61;M;Importado;Leve;ESPAÑA
122;2020-03-14T00:00:00.000;19001;Popayán;Cauca;Recuperado;32;F;Importado;Leve;ESPAÑA
123;2020-03-17T00:00:00.000;17877;Viterbo;Caldas;Recuperado;38;F;Importado;Leve;ESPAÑA
124;2020-03-16T00:00:00.000;41001;Neiva;Huila;Recuperado;76;F;Relacionado;Leve;
125;2020-03-17T00:00:00.000;13001;Cartagena de Indias;Cartagena D.T. y C.;Recuperado;47;M;Importado;Leve;ESPAÑA
126;2020-03-18T00:00:00.000;8001;Barranquilla;Barranquilla D.E.;Recuperado;52;F;Importado;Leve;ESTADOS UNIDOS
127;2020-03-18T00:00:00.000;8001;Barranquilla;Barranquilla D.E.;Recuperado;30;F;Relacionado;Leve;
128;2020-03-18T00:00:00.000;25754;Soacha;Cundinamarca;Recuperado;58;M;Relacionado;Leve;
129;2020-03-17T00:00:00.000;66001;Pereira;Risaralda;Recuperado;26;F;Importado;Leve;ESPAÑA
130;2020-03-18T00:00:00.000;25035;Anapoima;Cundinamarca;Recuperado;53;M;Importado;Leve;ESTADOS UNIDOS
131;2020-03-15T00:00:00.000;5001;Medellín;Antioquia;Recuperado;22;F;Importado;Leve;ESPAÑA
132;2020-03-20T00:00:00.000;76001;Cali;Valle del Cauca;Recuperado;33;M;Relacionado;Leve;
133;2020-03-16T00:00:00.000;5615;Rionegro;Antioquia;Recuperado;51;M;Relacionado;Leve;
134;2020-03-17T00:00:00.000;5380;La Estrella;Antioquia;Recuperado;28;M;Relacionado;Asintomático;
135;2020-03-17T00:00:00.000;5001;Medellín;Antioquia;Recuperado;44;F;Importado;Leve;ALEMANIA
136;2020-03-17T00:00:00.000;5001;Medellín;Antioquia;Recuperado;37;M;Relacionado;Leve;
137;2020-03-17T00:00:00.000;5266;Envigado;Antioquia;Recuperado;54;M;Importado;Asintomático;ESPAÑA
138;2020-03-17T00:00:00.000;11001;Bogotá D.C.;Bogotá D.C.;Recuperado;54;M;Importado;Leve;ECUADOR
139;2020-03-18T00:00:00.000;11001;Bogotá D.C.;Bogotá D.C.;Recuperado;30;M;Importado;Leve;ESPAÑA
140;2020-03-18T00:00:00.000;11001;Bogotá D.C.;Bogotá D.C.;Recuperado;34;M;Importado;Leve;BRASIL
141;2020-03-17T00:00:00.000;5001;Medellín;Antioquia;Recuperado;62;F;Importado;Leve;CROACIA
142;2020-03-20T00:00:00.000;5001;Medellín;Antioquia;Recuperado;35;F;Importado;Leve;PANAMA
143;2020-03-14T00:00:00.000;5266;Envigado;Antioquia;Recuperado;46;M;Importado;Leve;ESPAÑA
144;2020-03-20T00:00:00.000;5001;Medellín;Antioquia;Recuperado;41;M;Importado;Leve;PANAMA
145;2020-03-20T00:00:00.000;5001;Medellín;Antioquia;Recuperado;18;F;Relacionado;Leve;
146;2020-03-19T00:00:00.000;25754;Soacha;Cundinamarca;Recuperado;31;F;Relacionado;Leve;
147;2020-03-19T00:00:00.000;25754;Soacha;Cundinamarca;Recuperado;25;F;Relacionado;Leve;
148;2020-03-19T00:00:00.000;11001;Bogotá D.C.;Bogotá D.C.;Recuperado;32;M;Relacionado;Leve;
149;2020-03-20T00:00:00.000;11001;Bogotá D.C.;Bogotá D.C.;Recuperado;37;M;Importado;Leve;ALEMANIA
150;2020-03-17T00:00:00.000;11001;Bogotá D.C.;Bogotá D.C.;Recuperado;29;F;Importado;Leve;ITALIA
151;2020-03-18T00:00:00.000;11001;Bogotá D.C.;Bogotá D.C.;Recuperado;47;M;Importado;Leve;ECUADOR
152;2020-03-18T00:00:00.000;11001;Bogotá D.C.;Bogotá D.C.;Fallecido;65;M;Importado;Fallecido;ESTADOS UNIDOS
153;2020-03-18T00:00:00.000;11001;Bogotá D.C.;Bogotá D.C.;Fallecido;53;F;Relacionado;Fallecido;
154;2020-03-17T00:00:00.000;11001;Bogotá D.C.;Bogotá D.C.;Recuperado;40;M;Importado;Leve;JAMAICA
155;2020-03-18T00:00:00.000;47001;Santa Marta;Santa Marta D.T. y C.;Recuperado;20;M;Importado;Leve;ESPAÑA
156;2020-03-19T00:00:00.000;25175;Chía;Cundinamarca;Recuperado;28;F;Importado;Leve;ESPAÑA
157;2020-03-20T00:00:00.000;47001;Santa Marta;Santa Marta D.T. y C.;Fallecido;88;M;Relacionado;Fallecido;
158;2020-03-19T00:00:00.000;25430;Madrid;Cundinamarca;Recuperado;32;M;Relacionado;Leve;
159;2020-03-20T00:00:00.000;11001;Bogotá D.C.;Bogotá D.C.;Recuperado;34;M;Importado;Leve;ESTADOS UNIDOS
160;2020-03-18T00:00:00.000;11001;Bogotá D.C.;Bogotá D.C.;Recuperado;42;F;Importado;Leve;ESTADOS UNIDOS
161;2020-03-19T00:00:00.000;11001;Bogotá D.C.;Bogotá D.C.;Recuperado;22;F;Importado;Leve;ESTADOS UNIDOS
162;2020-03-18T00:00:00.000;11001;Bogotá D.C.;Bogotá D.C.;Recuperado;25;M;Importado;Leve;ESTADOS UNIDOS
163;2020-03-19T00:00:00.000;11001;Bogotá D.C.;Bogotá D.C.;Recuperado;28;M;Relacionado;Leve;
164;2020-03-18T00:00:00.000;11001;Bogotá D.C.;Bogotá D.C.;Recuperado;67;F;Importado;Leve;ESPAÑA
165;2020-03-18T00:00:00.000;11001;Bogotá D.C.;Bogotá D.C.;Recuperado;32;F;Relacionado;Leve;
166;2020-03-19T00:00:00.000;11001;Bogotá D.C.;Bogotá D.C.;Recuperado;45;F;Relacionado;Leve;
167;2020-03-18T00:00:00.000;11001;Bogotá D.C.;Bogotá D.C.;Recuperado;46;F;Relacionado;Leve;
168;2020-03-19T00:00:00.000;11001;Bogotá D.C.;Bogotá D.C.;Recuperado;25;F;Importado;Leve;ESPAÑA
169;2020-03-19T00:00:00.000;11001;Bogotá D.C.;Bogotá D.C.;Recuperado;42;F;Relacionado;Leve;
170;2020-03-19T00:00:00.000;11001;Bogotá D.C.;Bogotá D.C.;Recuperado;45;F;Importado;Leve;GRECIA
171;2020-03-20T00:00:00.000;11001;Bogotá D.C.;Bogotá D.C.;Recuperado;21;F;Relacionado;Leve;
172;2020-03-20T00:00:00.000;11001;Bogotá D.C.;Bogotá D.C.;Recuperado;27;M;Relacionado;Leve;
173;2020-03-20T00:00:00.000;11001;Bogotá D.C.;Bogotá D.C.;Recuperado;65;F;Importado;Leve;MÉXICO
174;2020-03-20T00:00:00.000;11001;Bogotá D.C.;Bogotá D.C.;Recuperado;70;M;Importado;Leve;MÉXICO
175;2020-03-20T00:00:00.000;11001;Bogotá D.C.;Bogotá D.C.;Recuperado;23;F;Importado;Leve;ESPAÑA
176;2020-03-19T00:00:00.000;73001;Ibagué;Tolima;Recuperado;26;F;Importado;Leve;ESTADOS UNIDOS
177;2020-03-18T00:00:00.000;13001;Cartagena de Indias;Cartagena D.T. y C.;Recuperado;28;M;Relacionado;Leve;
178;2020-03-21T00:00:00.000;13001;Cartagena de Indias;Cartagena D.T. y C.;Recuperado;28;M;Importado;Leve;ESTADOS UNIDOS
179;2020-03-19T00:00:00.000;13001;Cartagena de Indias;Cartagena D.T. y C.;Recuperado;44;F;Relacionado;Leve;
180;2020-03-18T00:00:00.000;54874;Villa del Rosario;Norte de Santander;Recuperado;27;M;Importado;Leve;ESPAÑA
181;2020-03-18T00:00:00.000;17001;Manizales;Caldas;Recuperado;22;F;Importado;Leve;ESTADOS UNIDOS
182;2020-03-18T00:00:00.000;54001;Cúcuta;Norte de Santander;Recuperado;44;F;Relacionado;Leve;
183;2020-03-17T00:00:00.000;76001;Cali;Valle del Cauca;Recuperado;48;F;Importado;Leve;ECUADOR
184;2020-03-12T00:00:00.000;76147;Cartago;Valle del Cauca;Recuperado;41;F;Importado;Leve;ESTADOS UNIDOS
185;2020-03-18T00:00:00.000;76520;Palmira;Valle del Cauca;Recuperado;58;F;Relacionado;Leve;
186;2020-03-18T00:00:00.000;76520;Palmira;Valle del Cauca;Recuperado;50;F;Importado;Leve;ESPAÑA
187;2020-03-17T00:00:00.000;76001;Cali;Valle del Cauca;Recuperado;74;M;Relacionado;Leve;
188;2020-03-17T00:00:00.000;76892;Yumbo;Valle del Cauca;Fallecido;70;F;Relacionado;Fallecido;
189;2020-03-18T00:00:00.000;76001;Cali;Valle del Cauca;Recuperado;81;F;Importado;Leve;ESTADOS UNIDOS
190;2020-03-19T00:00:00.000;76001;Cali;Valle del Cauca;Recuperado;28;M;Importado;Leve;ESPAÑA
191;2020-03-21T00:00:00.000;76520;Palmira;Valle del Cauca;Recuperado;17;M;Importado;Leve;ESTADOS UNIDOS
192;2020-03-20T00:00:00.000;76001;Cali;Valle del Cauca;Recuperado;30;F;Relacionado;Leve;
193;2020-03-19T00:00:00.000;76001;Cali;Valle del Cauca;Recuperado;53;F;Importado;Leve;ITALIA
194;2020-03-18T00:00:00.000;76520;Palmira;Valle del Cauca;Recuperado;63;F;Importado;Leve;ESPAÑA
195;2020-03-16T00:00:00.000;66001;Pereira;Risaralda;Recuperado;65;F;Importado;Leve;ESTADOS UNIDOS
196;2020-03-19T00:00:00.000;41001;Neiva;Huila;Recuperado;50;F;Importado;Leve;ESPAÑA
197;2020-03-13T00:00:00.000;13001;Cartagena de Indias;Cartagena D.T. y C.;Fallecido;58;M;Relacionado;Fallecido;
198;2020-03-18T00:00:00.000;5001;Medellín;Antioquia;Recuperado;39;M;Importado;Leve;ESPAÑA
199;2020-03-17T00:00:00.000;5318;Guarne;Antioquia;Recuperado;28;M;Importado;Leve;ESTADOS UNIDOS
200;2020-03-21T00:00:00.000;13001;Cartagena de Indias;Cartagena D.T. y C.;Recuperado;53;F;Relacionado;Leve;
201;2020-03-21T00:00:00.000;25175;Chía;Cundinamarca;Recuperado;50;F;Importado;Leve;ESPAÑA
202;2020-03-18T00:00:00.000;5088;Bello;Antioquia;Recuperado;26;M;Importado;Leve;ESPAÑA
203;2020-03-21T00:00:00.000;8001;Barranquilla;Barranquilla D.E.;Recuperado;24;F;Importado;Leve;ESTADOS UNIDOS
204;2020-03-21T00:00:00.000;8001;Barranquilla;Barranquilla D.E.;Recuperado;35;M;Importado;Leve;ESTADOS UNIDOS
205;2020-03-21T00:00:00.000;11001;Bogotá D.C.;Bogotá D.C.;Recuperado;28;M;Relacionado;Leve;
206;2020-03-19T00:00:00.000;11001;Bogotá D.C.;Bogotá D.C.;Recuperado;60;F;Importado;Leve;ESPAÑA
207;2020-03-21T00:00:00.000;11001;Bogotá D.C.;Bogotá D.C.;Recuperado;41;M;Importado;Leve;GUATEMALA
208;2020-03-19T00:00:00.000;11001;Bogotá D.C.;Bogotá D.C.;Recuperado;62;M;Importado;Leve;ESPAÑA
209;2020-03-19T00:00:00.000;11001;Bogotá D.C.;Bogotá D.C.;Recuperado;68;F;Importado;Leve;REINO UNIDO DE GRAN BRETAÑA E IRLANDA DEL NORTE
210;2020-03-20T00:00:00.000;25754;Soacha;Cundinamarca;Recuperado;55;M;Importado;Leve;TURQUÍA
211;2020-03-20T00:00:00.000;63130;Calarcá;Quindío;Recuperado;25;M;Importado;Leve;ESPAÑA
212;2020-03-20T00:00:00.000;63001;Armenia;Quindío;Recuperado;58;F;Relacionado;Leve;
213;2020-03-19T00:00:00.000;20001;Valledupar;Cesar;Recuperado;30;M;Importado;Leve;ESPAÑA
214;2020-03-19T00:00:00.000;66170;Dosquebradas;Risaralda;Recuperado;56;F;Relacionado;Leve;
215;2020-03-19T00:00:00.000;66170;Dosquebradas;Risaralda;Recuperado;57;F;Importado;Leve;GRECIA
216;2020-03-19T00:00:00.000;66170;Dosquebradas;Risaralda;Recuperado;45;M;Importado;Leve;BRASIL
217;2020-03-20T00:00:00.000;66001;Pereira;Risaralda;Recuperado;33;M;Importado;Leve;ESPAÑA
218;2020-03-19T00:00:00.000;17380;La Dorada;Caldas;Recuperado;24;F;Relacionado;Leve;
219;2020-03-19T00:00:00.000;17174;Chinchiná;Caldas;Recuperado;51;M;Importado;Leve;ESPAÑA
220;2020-03-19T00:00:00.000;17174;Chinchiná;Caldas;Recuperado;47;F;Relacionado;Leve;
221;2020-03-13T00:00:00.000;68001;Bucaramanga;Santander;Recuperado;49;F;Importado;Leve;REPÚBLICA DOMINICANA
222;2020-03-22T00:00:00.000;88001;San Andrés;Archipiélago de San Andrés Providencia y Santa Catalina;Recuperado;36;M;Relacionado;Asintomático;
223;2020-03-20T00:00:00.000;66001;Pereira;Risaralda;Recuperado;73;F;Importado;Leve;ESTADOS UNIDOS
224;2020-03-19T00:00:00.000;73001;Ibagué;Tolima;Recuperado;19;M;Relacionado;Leve;
225;2020-03-20T00:00:00.000;76001;Cali;Valle del Cauca;Recuperado;22;M;Relacionado;Leve;
226;2020-03-19T00:00:00.000;76892;Yumbo;Valle del Cauca;Recuperado;41;F;Relacionado;Leve;
227;2020-03-20T00:00:00.000;76001;Cali;Valle del Cauca;Recuperado;28;M;Importado;Leve;ESTADOS UNIDOS
228;2020-03-20T00:00:00.000;76001;Cali;Valle del Cauca;Recuperado;26;M;Importado;Leve;ESPAÑA
229;2020-03-20T00:00:00.000;85001;Yopal;Casanare;Recuperado;38;F;Relacionado;Asintomático;
230;2020-03-20T00:00:00.000;63001;Armenia;Quindío;Recuperado;38;F;Relacionado;Asintomático;
231;2020-03-19T00:00:00.000;76001;Cali;Valle del Cauca;Recuperado;46;F;Relacionado;Leve;
232;2020-03-20T00:00:00.000;11001;Bogotá D.C.;Bogotá D.C.;Fallecido;59;F;Relacionado;Fallecido;
233;2020-03-20T00:00:00.000;11001;Bogotá D.C.;Bogotá D.C.;Recuperado;64;M;Relacionado;Leve;
234;2020-03-22T00:00:00.000;11001;Bogotá D.C.;Bogotá D.C.;Recuperado;41;M;Relacionado;Leve;
235;2020-03-20T00:00:00.000;11001;Bogotá D.C.;Bogotá D.C.;Recuperado;47;M;Importado;Leve;ESPAÑA
236;2020-03-19T00:00:00.000;5321;Guatapé;Antioquia;Recuperado;52;M;Relacionado;Leve;
237;2020-03-19T00:00:00.000;5001;Medellín;Antioquia;Recuperado;32;M;Importado;Leve;ESPAÑA
238;2020-03-16T00:00:00.000;5001;Medellín;Antioquia;Recuperado;61;F;Importado;Leve;ESPAÑA
239;2020-03-16T00:00:00.000;5615;Rionegro;Antioquia;Recuperado;41;M;Importado;Leve;ESPAÑA
240;2020-03-18T00:00:00.000;5088;Bello;Antioquia;Recuperado;41;M;Importado;Leve;ESPAÑA
241;2020-03-19T00:00:00.000;11001;Bogotá D.C.;Bogotá D.C.;Recuperado;58;F;Relacionado;Leve;
242;2020-03-20T00:00:00.000;11001;Bogotá D.C.;Bogotá D.C.;Recuperado;49;M;Importado;Leve;ESTADOS UNIDOS
243;2020-03-23T00:00:00.000;11001;Bogotá D.C.;Bogotá D.C.;Recuperado;40;M;Importado;Leve;ESPAÑA
244;2020-03-19T00:00:00.000;11001;Bogotá D.C.;Bogotá D.C.;Recuperado;52;M;Importado;Leve;PANAMA
245;2020-03-23T00:00:00.000;11001;Bogotá D.C.;Bogotá D.C.;Recuperado;72;F;Importado;Leve;TURQUÍA
246;2020-03-23T00:00:00.000;11001;Bogotá D.C.;Bogotá D.C.;Recuperado;28;M;Relacionado;Leve;
247;2020-03-23T00:00:00.000;11001;Bogotá D.C.;Bogotá D.C.;Recuperado;26;M;Relacionado;Leve;
248;2020-03-23T00:00:00.000;11001;Bogotá D.C.;Bogotá D.C.;Recuperado;30;F;Importado;Leve;REPÚBLICA DOMINICANA
249;2020-03-23T00:00:00.000;11001;Bogotá D.C.;Bogotá D.C.;Recuperado;38;F;Importado;Leve;ESPAÑA
250;2020-03-23T00:00:00.000;11001;Bogotá D.C.;Bogotá D.C.;Fallecido;76;M;En estudio;Fallecido;
251;2020-03-18T00:00:00.000;11001;Bogotá D.C.;Bogotá D.C.;Recuperado;55;M;Importado;Leve;ESTADOS UNIDOS
252;2020-03-20T00:00:00.000;11001;Bogotá D.C.;Bogotá D.C.;Recuperado;32;F;Relacionado;Leve;
253;2020-03-19T00:00:00.000;11001;Bogotá D.C.;Bogotá D.C.;Recuperado;34;F;Relacionado;Leve;
254;2020-03-19T00:00:00.000;11001;Bogotá D.C.;Bogotá D.C.;Recuperado;45;F;Importado;Leve;ESPAÑA
255;2020-03-21T00:00:00.000;11001;Bogotá D.C.;Bogotá D.C.;Recuperado;19;F;Importado;Leve;ESTADOS UNIDOS
256;2020-03-23T00:00:00.000;11001;Bogotá D.C.;Bogotá D.C.;Recuperado;57;F;Importado;Leve;TURQUÍA
257;2020-03-20T00:00:00.000;11001;Bogotá D.C.;Bogotá D.C.;Recuperado;80;M;Relacionado;Leve;
258;2020-03-23T00:00:00.000;11001;Bogotá D.C.;Bogotá D.C.;Recuperado;26;M;Importado;Leve;TURQUÍA
259;2020-03-19T00:00:00.000;11001;Bogotá D.C.;Bogotá D.C.;Recuperado;35;M;Importado;Leve;ESPAÑA
260;2020-03-20T00:00:00.000;11001;Bogotá D.C.;Bogotá D.C.;Recuperado;41;M;Importado;Leve;REINO UNIDO DE GRAN BRETAÑA E IRLANDA DEL NORTE
261;2020-03-23T00:00:00.000;11001;Bogotá D.C.;Bogotá D.C.;Fallecido;61;M;Relacionado;Fallecido;
262;2020-03-23T00:00:00.000;11001;Bogotá D.C.;Bogotá D.C.;Recuperado;39;M;Importado;Leve;ANTILLAS NEERLANDESAS
263;2020-03-21T00:00:00.000;5001;Medellín;Antioquia;Recuperado;59;M;Importado;Leve;ESPAÑA
264;2020-03-23T00:00:00.000;5266;Envigado;Antioquia;Recuperado;39;F;Importado;Leve;ESPAÑA
265;2020-03-20T00:00:00.000;25126;Cajicá;Cundinamarca;Recuperado;54;M;Importado;Leve;ECUADOR
266;2020-03-20T00:00:00.000;13001;Cartagena de Indias;Cartagena D.T. y C.;Recuperado;84;F;Relacionado;Leve;
267;2020-03-19T00:00:00.000;5001;Medellín;Antioquia;Recuperado;21;M;Importado;Leve;ESTADOS UNIDOS
268;2020-03-19T00:00:00.000;5001;Medellín;Antioquia;Recuperado;37;F;Importado;Leve;ESPAÑA
269;2020-03-20T00:00:00.000;25175;Chía;Cundinamarca;Recuperado;56;M;Relacionado;Leve;
270;2020-03-20T00:00:00.000;13001;Cartagena de Indias;Cartagena D.T. y C.;Recuperado;58;F;Relacionado;Leve;
271;2020-03-18T00:00:00.000;5001;Medellín;Antioquia;Recuperado;21;F;Importado;Leve;ESPAÑA
272;2020-03-18T00:00:00.000;5001;Medellín;Antioquia;Recuperado;47;F;Importado;Leve;ESPAÑA
273;2020-03-19T00:00:00.000;5001;Medellín;Antioquia;Recuperado;87;M;Importado;Leve;PANAMA
274;2020-03-19T00:00:00.000;5001;Medellín;Antioquia;Recuperado;30;M;Importado;Leve;ESTADOS UNIDOS
275;2020-03-23T00:00:00.000;5001;Medellín;Antioquia;Recuperado;21;F;Importado;Leve;ESPAÑA
276;2020-03-23T00:00:00.000;25214;Cota;Cundinamarca;Recuperado;52;M;Importado;Leve;PUERTO RICO
277;2020-03-18T00:00:00.000;5631;Sabaneta;Antioquia;Recuperado;36;F;Importado;Leve;ESTADOS UNIDOS
278;2020-03-21T00:00:00.000;63001;Armenia;Quindío;Recuperado;64;M;Importado;Leve;ESPAÑA
279;2020-03-21T00:00:00.000;17873;Villamaría;Caldas;Recuperado;29;M;Importado;Leve;ECUADOR
280;2020-03-19T00:00:00.000;76520;Palmira;Valle del Cauca;Recuperado;63;F;Importado;Leve;ESPAÑA
281;2020-03-23T00:00:00.000;76828;Trujillo;Valle del Cauca;Recuperado;51;M;Importado;Leve;ESPAÑA
282;2020-03-20T00:00:00.000;76001;Cali;Valle del Cauca;Fallecido;40;M;Importado;Fallecido;ESTADOS UNIDOS
283;2020-03-23T00:00:00.000;76001;Cali;Valle del Cauca;Recuperado;56;M;Relacionado;Leve;
284;2020-03-23T00:00:00.000;76001;Cali;Valle del Cauca;Recuperado;65;F;Importado;Leve;ESPAÑA
285;2020-03-20T00:00:00.000;76520;Palmira;Valle del Cauca;Recuperado;42;F;Relacionado;Leve;
286;2020-03-21T00:00:00.000;41001;Neiva;Huila;Fallecido;83;F;Relacionado;Fallecido;
287;2020-03-21T00:00:00.000;25754;Soacha;Cundinamarca;Recuperado;25;M;Relacionado;Leve;
288;2020-03-21T00:00:00.000;25513;Pacho;Cundinamarca;Recuperado;29;M;Importado;Leve;ESPAÑA
289;2020-03-19T00:00:00.000;66170;Dosquebradas;Risaralda;Recuperado;49;F;Importado;Leve;GRECIA
290;2020-03-21T00:00:00.000;47001;Santa Marta;Santa Marta D.T. y C.;Recuperado;63;F;Relacionado;Leve;
291;2020-03-19T00:00:00.000;5607;Retiro;Antioquia;Recuperado;23;F;Importado;Leve;ESPAÑA
292;2020-03-19T00:00:00.000;5001;Medellín;Antioquia;Recuperado;43;F;Importado;Leve;ESTADOS UNIDOS
293;2020-03-18T00:00:00.000;5001;Medellín;Antioquia;Recuperado;30;F;Importado;Leve;ECUADOR
294;2020-03-21T00:00:00.000;5001;Medellín;Antioquia;Recuperado;30;F;Importado;Leve;ESTADOS UNIDOS
295;2020-03-19T00:00:00.000;5001;Medellín;Antioquia;Recuperado;42;M;Relacionado;Leve;
296;2020-03-19T00:00:00.000;5001;Medellín;Antioquia;Recuperado;25;F;Relacionado;Leve;
297;2020-03-20T00:00:00.000;5266;Envigado;Antioquia;Recuperado;20;M;Importado;Leve;REINO UNIDO DE GRAN BRETAÑA E IRLANDA DEL NORTE
298;2020-03-21T00:00:00.000;50001;Villavicencio;Meta;Recuperado;58;M;Importado;Leve;ECUADOR
299;2020-03-20T00:00:00.000;50001;Villavicencio;Meta;Recuperado;60;F;Importado;Leve;ECUADOR
300;2020-03-17T00:00:00.000;5631;Sabaneta;Antioquia;Recuperado;29;F;Importado;Leve;TURQUÍA
301;2020-03-19T00:00:00.000;5045;Apartadó;Antioquia;Recuperado;29;F;Importado;Leve;TURQUÍA
302;2020-03-19T00:00:00.000;50001;Villavicencio;Meta;Recuperado;33;F;Importado;Leve;ESTADOS UNIDOS
303;2020-03-19T00:00:00.000;5360;Itagüí;Antioquia;Recuperado;74;F;Importado;Leve;ESTADOS UNIDOS
304;2020-03-22T00:00:00.000;5120;Cáceres;Antioquia;Recuperado;30;M;Importado;Leve;ESTADOS UNIDOS
305;2020-03-21T00:00:00.000;50001;Villavicencio;Meta;Recuperado;29;M;Importado;Leve;ECUADOR
306;2020-03-19T00:00:00.000;5615;Rionegro;Antioquia;Recuperado;29;M;Importado;Leve;BRASIL
307;2020-03-20T00:00:00.000;11001;Bogotá D.C.;Bogotá D.C.;Recuperado;31;M;Importado;Leve;CHILE
308;2020-03-20T00:00:00.000;11001;Bogotá D.C.;Bogotá D.C.;Recuperado;21;F;En estudio;Leve;
309;2020-03-20T00:00:00.000;11001;Bogotá D.C.;Bogotá D.C.;Recuperado;59;M;Importado;Leve;ESTADOS UNIDOS
310;2020-03-21T00:00:00.000;11001;Bogotá D.C.;Bogotá D.C.;Recuperado;28;F;Importado;Leve;ESTADOS UNIDOS
311;2020-03-23T00:00:00.000;11001;Bogotá D.C.;Bogotá D.C.;Recuperado;40;F;En estudio;Leve;
312;2020-03-23T00:00:00.000;11001;Bogotá D.C.;Bogotá D.C.;Recuperado;18;F;En estudio;Leve;
313;2020-03-23T00:00:00.000;11001;Bogotá D.C.;Bogotá D.C.;Recuperado;48;F;Relacionado;Leve;
314;2020-03-20T00:00:00.000;52356;Ipiales;Nariño;Fallecido;62;M;Importado;Fallecido;ECUADOR
315;2020-03-21T00:00:00.000;54001;Cúcuta;Norte de Santander;Recuperado;49;M;Importado;Leve;CANADÁ
316;2020-03-19T00:00:00.000;54405;Los Patios;Norte de Santander;Recuperado;18;M;Importado;Leve;ESTADOS UNIDOS
317;2020-03-21T00:00:00.000;25473;Mosquera;Cundinamarca;Recuperado;37;M;Relacionado;Leve;
318;2020-03-21T00:00:00.000;54001;Cúcuta;Norte de Santander;Recuperado;77;M;Relacionado;Leve;
319;2020-03-22T00:00:00.000;73001;Ibagué;Tolima;Recuperado;62;F;Importado;Leve;ESPAÑA
320;2020-03-22T00:00:00.000;73001;Ibagué;Tolima;Recuperado;56;M;Importado;Leve;ESPAÑA
321;2020-03-21T00:00:00.000;73001;Ibagué;Tolima;Recuperado;23;F;Importado;Leve;ESTADOS UNIDOS
322;2020-03-22T00:00:00.000;73001;Ibagué;Tolima;Recuperado;55;F;Importado;Leve;ESPAÑA
323;2020-03-19T00:00:00.000;17877;Viterbo;Caldas;Recuperado;15;F;Relacionado;Asintomático;
324;2020-03-16T00:00:00.000;8001;Barranquilla;Barranquilla D.E.;Recuperado;57;M;Importado;Leve;PANAMA
325;2020-03-20T00:00:00.000;8001;Barranquilla;Barranquilla D.E.;Recuperado;19;F;Importado;Leve;ESPAÑA
326;2020-03-21T00:00:00.000;66001;Pereira;Risaralda;Fallecido;61;M;Relacionado;Fallecido;
327;2020-03-21T00:00:00.000;66001;Pereira;Risaralda;Recuperado;32;F;Relacionado;Leve;
328;2020-03-21T00:00:00.000;20001;Valledupar;Cesar;Recuperado;33;M;Relacionado;Leve;
329;2020-03-22T00:00:00.000;13001;Cartagena de Indias;Cartagena D.T. y C.;Recuperado;51;F;Importado;Leve;ESPAÑA
330;2020-03-21T00:00:00.000;13001;Cartagena de Indias;Cartagena D.T. y C.;Recuperado;42;M;Importado;Leve;BRASIL
331;2020-03-21T00:00:00.000;76001;Cali;Valle del Cauca;Recuperado;37;M;Importado;Leve;COSTA RICA
332;2020-03-20T00:00:00.000;76001;Cali;Valle del Cauca;Recuperado;38;F;Importado;Leve;ESPAÑA
333;2020-03-22T00:00:00.000;66001;Pereira;Risaralda;Recuperado;79;M;Importado;Leve;ESPAÑA
334;2020-03-20T00:00:00.000;76001;Cali;Valle del Cauca;Recuperado;23;M;Relacionado;Leve;
335;2020-03-23T00:00:00.000;76001;Cali;Valle del Cauca;Recuperado;59;M;Relacionado;Leve;
336;2020-03-19T00:00:00.000;13001;Cartagena de Indias;Cartagena D.T. y C.;Recuperado;24;M;Relacionado;Leve;
337;2020-03-21T00:00:00.000;76001;Cali;Valle del Cauca;Recuperado;22;F;Relacionado;Asintomático;
338;2020-03-20T00:00:00.000;76400;La Unión;Valle del Cauca;Recuperado;56;F;Importado;Leve;REINO UNIDO DE GRAN BRETAÑA E IRLANDA DEL NORTE
339;2020-03-20T00:00:00.000;76147;Cartago;Valle del Cauca;Recuperado;34;F;Importado;Leve;ESPAÑA
340;2020-03-19T00:00:00.000;13001;Cartagena de Indias;Cartagena D.T. y C.;Recuperado;36;M;Relacionado;Leve;
341;2020-03-21T00:00:00.000;41001;Neiva;Huila;Recuperado;68;M;Relacionado;Leve;
342;2020-03-21T00:00:00.000;76001;Cali;Valle del Cauca;Recuperado;47;F;Relacionado;Leve;
343;2020-03-21T00:00:00.000;76001;Cali;Valle del Cauca;Recuperado;26;F;Importado;Leve;ESTADOS UNIDOS
344;2020-03-24T00:00:00.000;76001;Cali;Valle del Cauca;Recuperado;56;M;Relacionado;Leve;
345;2020-03-24T00:00:00.000;76001;Cali;Valle del Cauca;Recuperado;53;F;Relacionado;Leve;
346;2020-03-21T00:00:00.000;76001;Cali;Valle del Cauca;Recuperado;87;M;Relacionado;Leve;
347;2020-03-22T00:00:00.000;50001;Villavicencio;Meta;Recuperado;43;F;Importado;Leve;ESPAÑA
348;2020-03-24T00:00:00.000;76001;Cali;Valle del Cauca;Recuperado;36;F;Relacionado;Leve;
349;2020-03-22T00:00:00.000;76001;Cali;Valle del Cauca;Recuperado;33;F;Relacionado;Leve;
350;2020-03-21T00:00:00.000;25290;Fusagasugá;Cundinamarca;Recuperado;54;M;Importado;Leve;TURQUÍA
351;2020-03-21T00:00:00.000;25377;La Calera;Cundinamarca;Recuperado;58;M;Relacionado;Leve;
352;2020-03-17T00:00:00.000;25875;Villeta;Cundinamarca;Recuperado;33;M;Importado;Asintomático;ESPAÑA
353;2020-03-22T00:00:00.000;41524;Palermo;Huila;Recuperado;41;M;Importado;Leve;ECUADOR
354;2020-03-21T00:00:00.000;76670;San Pedro;Valle del Cauca;Recuperado;29;F;Relacionado;Leve;
355;2020-03-17T00:00:00.000;25875;Villeta;Cundinamarca;Recuperado;44;F;Importado;Asintomático;ESPAÑA
356;2020-03-21T00:00:00.000;25035;Anapoima;Cundinamarca;Recuperado;32;M;Importado;Leve;ESPAÑA
357;2020-03-22T00:00:00.000;76001;Cali;Valle del Cauca;Recuperado;42;M;Relacionado;Leve;
358;2020-03-19T00:00:00.000;76001;Cali;Valle del Cauca;Recuperado;58;F;Importado;Leve;ESPAÑA
359;2020-03-24T00:00:00.000;41001;Neiva;Huila;Recuperado;42;F;Relacionado;Leve;
360;2020-03-22T00:00:00.000;76001;Cali;Valle del Cauca;Recuperado;33;M;Relacionado;Asintomático;
361;2020-03-22T00:00:00.000;50001;Villavicencio;Meta;Recuperado;80;F;Importado;Leve;ESTADOS UNIDOS
362;2020-03-24T00:00:00.000;76001;Cali;Valle del Cauca;Recuperado;46;M;Importado;Leve;ECUADOR
363;2020-03-22T00:00:00.000;76001;Cali;Valle del Cauca;Recuperado;23;M;Importado;Leve;ESPAÑA
364;2020-03-22T00:00:00.000;76001;Cali;Valle del Cauca;Recuperado;21;F;Relacionado;Leve;
365;2020-03-21T00:00:00.000;76001;Cali;Valle del Cauca;Recuperado;64;M;Importado;Leve;ESPAÑA
366;2020-03-22T00:00:00.000;76001;Cali;Valle del Cauca;Recuperado;34;M;Relacionado;Leve;
367;2020-03-22T00:00:00.000;76001;Cali;Valle del Cauca;Recuperado;28;F;Relacionado;Asintomático;
368;2020-03-21T00:00:00.000;63001;Armenia;Quindío;Recuperado;34;F;Importado;Leve;ESTADOS UNIDOS
369;2020-03-17T00:00:00.000;76126;Calima;Valle del Cauca;Recuperado;41;M;Importado;Leve;ESPAÑA
370;2020-03-22T00:00:00.000;25286;Funza;Cundinamarca;Recuperado;61;F;Relacionado;Leve;
371;2020-03-27T00:00:00.000;47001;Santa Marta;Santa Marta D.T. y C.;Recuperado;83;F;Relacionado;Leve;
372;2020-03-21T00:00:00.000;17001;Manizales;Caldas;Recuperado;70;M;Importado;Leve;ESTADOS UNIDOS
373;2020-03-18T00:00:00.000;13001;Cartagena de Indias;Cartagena D.T. y C.;Recuperado;39;M;Importado;Leve;ESTADOS UNIDOS
374;2020-03-20T00:00:00.000;76001;Cali;Valle del Cauca;Recuperado;29;M;Relacionado;Leve;
375;2020-03-22T00:00:00.000;76001;Cali;Valle del Cauca;Recuperado;28;M;Relacionado;Leve;
376;2020-03-20T00:00:00.000;19001;Popayán;Cauca;Recuperado;48;F;Relacionado;Leve;
377;2020-03-21T00:00:00.000;76834;Tuluá;Valle del Cauca;Recuperado;52;M;Importado;Leve;ECUADOR
378;2020-03-20T00:00:00.000;76834;Tuluá;Valle del Cauca;Recuperado;45;M;Importado;Leve;ESTADOS UNIDOS
379;2020-03-20T00:00:00.000;11001;Bogotá D.C.;Bogotá D.C.;Recuperado;23;F;Relacionado;Leve;
380;2020-03-20T00:00:00.000;11001;Bogotá D.C.;Bogotá D.C.;Recuperado;34;F;Relacionado;Leve;
381;2020-03-17T00:00:00.000;11001;Bogotá D.C.;Bogotá D.C.;Recuperado;48;F;Importado;Leve;ESPAÑA
382;2020-03-24T00:00:00.000;11001;Bogotá D.C.;Bogotá D.C.;Recuperado;58;F;Importado;Leve;PUERTO RICO
383;2020-03-24T00:00:00.000;11001;Bogotá D.C.;Bogotá D.C.;Recuperado;61;M;Importado;Leve;PUERTO RICO
384;2020-03-20T00:00:00.000;11001;Bogotá D.C.;Bogotá D.C.;Recuperado;63;M;Relacionado;Leve;
385;2020-03-21T00:00:00.000;11001;Bogotá D.C.;Bogotá D.C.;Recuperado;51;M;Importado;Leve;MÉXICO
386;2020-03-20T00:00:00.000;11001;Bogotá D.C.;Bogotá D.C.;Recuperado;59;M;Importado;Leve;VENEZUELA
387;2020-03-20T00:00:00.000;11001;Bogotá D.C.;Bogotá D.C.;Recuperado;43;F;Relacionado;Leve;
388;2020-03-24T00:00:00.000;11001;Bogotá D.C.;Bogotá D.C.;Recuperado;29;M;Importado;Leve;ESTADOS UNIDOS
389;2020-03-23T00:00:00.000;11001;Bogotá D.C.;Bogotá D.C.;Fallecido;73;M;Relacionado;Fallecido;
390;2020-03-22T00:00:00.000;11001;Bogotá D.C.;Bogotá D.C.;Recuperado;74;F;Relacionado;Leve;
391;2020-03-19T00:00:00.000;11001;Bogotá D.C.;Bogotá D.C.;Recuperado;48;M;Relacionado;Leve;
392;2020-03-21T00:00:00.000;11001;Bogotá D.C.;Bogotá D.C.;Recuperado;45;F;Importado;Leve;ESPAÑA
393;2020-03-24T00:00:00.000;11001;Bogotá D.C.;Bogotá D.C.;Recuperado;34;M;Importado;Leve;MÉXICO
394;2020-03-21T00:00:00.000;11001;Bogotá D.C.;Bogotá D.C.;Recuperado;66;M;Importado;Leve;ESTADOS UNIDOS
395;2020-03-24T00:00:00.000;11001;Bogotá D.C.;Bogotá D.C.;Recuperado;45;M;Relacionado;Leve;
396;2020-03-21T00:00:00.000;11001;Bogotá D.C.;Bogotá D.C.;Recuperado;44;F;Importado;Leve;CANADÁ
397;2020-03-24T00:00:00.000;11001;Bogotá D.C.;Bogotá D.C.;Recuperado;27;F;Relacionado;Leve;
398;2020-03-24T00:00:00.000;11001;Bogotá D.C.;Bogotá D.C.;Recuperado;51;F;Relacionado;Leve;
399;2020-03-21T00:00:00.000;11001;Bogotá D.C.;Bogotá D.C.;Recuperado;21;M;Importado;Asintomático;ESPAÑA
400;2020-03-21T00:00:00.000;11001;Bogotá D.C.;Bogotá D.C.;Recuperado;60;F;Importado;Leve;ESPAÑA
401;2020-03-21T00:00:00.000;11001;Bogotá D.C.;Bogotá D.C.;Recuperado;30;F;Importado;Leve;REINO UNIDO DE GRAN BRETAÑA E IRLANDA DEL NORTE
402;2020-03-24T00:00:00.000;11001;Bogotá D.C.;Bogotá D.C.;Recuperado;70;F;Importado;Leve;ESPAÑA
403;2020-03-21T00:00:00.000;11001;Bogotá D.C.;Bogotá D.C.;Recuperado;21;M;Importado;Leve;MÉXICO
404;2020-03-24T00:00:00.000;11001;Bogotá D.C.;Bogotá D.C.;Recuperado;58;M;Importado;Leve;PUERTO RICO
405;2020-03-22T00:00:00.000;11001;Bogotá D.C.;Bogotá D.C.;Recuperado;39;M;Relacionado;Asintomático;
406;2020-03-20T00:00:00.000;11001;Bogotá D.C.;Bogotá D.C.;Recuperado;25;M;Importado;Asintomático;ESPAÑA
407;2020-03-21T00:00:00.000;11001;Bogotá D.C.;Bogotá D.C.;Recuperado;25;F;Importado;Leve;ESPAÑA
408;2020-03-21T00:00:00.000;11001;Bogotá D.C.;Bogotá D.C.;Recuperado;45;M;Importado;Leve;ECUADOR
409;2020-03-21T00:00:00.000;11001;Bogotá D.C.;Bogotá D.C.;Recuperado;43;F;Relacionado;Leve;
410;2020-03-24T00:00:00.000;11001;Bogotá D.C.;Bogotá D.C.;Recuperado;33;F;Importado;Leve;ECUADOR
411;2020-03-21T00:00:00.000;11001;Bogotá D.C.;Bogotá D.C.;Recuperado;23;F;Importado;Leve;MÉXICO
412;2020-03-24T00:00:00.000;11001;Bogotá D.C.;Bogotá D.C.;Recuperado;57;F;Relacionado;Leve;
413;2020-03-21T00:00:00.000;11001;Bogotá D.C.;Bogotá D.C.;Recuperado;63;M;Relacionado;Leve;
414;2020-03-21T00:00:00.000;11001;Bogotá D.C.;Bogotá D.C.;Recuperado;48;M;Importado;Leve;BRASIL
415;2020-03-21T00:00:00.000;11001;Bogotá D.C.;Bogotá D.C.;Fallecido;62;M;En estudio;Fallecido;
416;2020-03-24T00:00:00.000;11001;Bogotá D.C.;Bogotá D.C.;Recuperado;35;M;Importado;Leve;ESPAÑA
417;2020-03-22T00:00:00.000;11001;Bogotá D.C.;Bogotá D.C.;Recuperado;52;F;Relacionado;Leve;
418;2020-03-24T00:00:00.000;11001;Bogotá D.C.;Bogotá D.C.;Recuperado;69;F;En estudio;Leve;
419;2020-03-21T00:00:00.000;11001;Bogotá D.C.;Bogotá D.C.;Recuperado;35;M;Relacionado;Leve;
420;2020-03-22T00:00:00.000;47001;Santa Marta;Santa Marta D.T. y C.;Recuperado;58;M;Relacionado;Leve;
421;2020-03-20T00:00:00.000;8758;Soledad;Atlántico;Recuperado;21;F;Relacionado;Leve;
422;2020-03-23T00:00:00.000;13001;Cartagena de Indias;Cartagena D.T. y C.;Recuperado;50;F;Relacionado;Leve;
423;2020-03-22T00:00:00.000;66001;Pereira;Risaralda;Recuperado;28;F;Relacionado;Leve;
424;2020-03-22T00:00:00.000;66001;Pereira;Risaralda;Recuperado;64;M;Importado;Leve;ESTADOS UNIDOS
425;2020-03-21T00:00:00.000;76834;Tuluá;Valle del Cauca;Fallecido;80;F;Relacionado;Fallecido;
426;2020-03-22T00:00:00.000;13001;Cartagena de Indias;Cartagena D.T. y C.;Recuperado;41;F;Relacionado;Leve;
427;2020-03-22T00:00:00.000;13001;Cartagena de Indias;Cartagena D.T. y C.;Recuperado;54;M;Relacionado;Leve;
428;2020-03-22T00:00:00.000;73001;Ibagué;Tolima;Recuperado;44;M;Importado;Leve;ESTADOS UNIDOS
429;2020-03-22T00:00:00.000;76250;El Dovio;Valle del Cauca;Recuperado;48;M;Importado;Leve;ITALIA
430;2020-03-23T00:00:00.000;13001;Cartagena de Indias;Cartagena D.T. y C.;Recuperado;38;M;Relacionado;Leve;
431;2020-03-23T00:00:00.000;63001;Armenia;Quindío;Recuperado;50;F;Relacionado;Leve;
432;2020-03-23T00:00:00.000;76520;Palmira;Valle del Cauca;Recuperado;9;M;Relacionado;Leve;
433;2020-03-22T00:00:00.000;63001;Armenia;Quindío;Recuperado;33;M;Relacionado;Leve;
434;2020-03-21T00:00:00.000;8001;Barranquilla;Barranquilla D.E.;Recuperado;25;M;Importado;Leve;ESTADOS UNIDOS
435;2020-03-22T00:00:00.000;63001;Armenia;Quindío;Recuperado;19;M;Relacionado;Leve;
436;2020-03-22T00:00:00.000;13001;Cartagena de Indias;Cartagena D.T. y C.;Recuperado;38;F;Relacionado;Leve;
437;2020-03-22T00:00:00.000;54001;Cúcuta;Norte de Santander;Recuperado;28;F;Relacionado;Leve;
438;2020-03-20T00:00:00.000;5001;Medellín;Antioquia;Recuperado;36;F;Relacionado;Leve;
439;2020-03-22T00:00:00.000;17380;La Dorada;Caldas;Recuperado;28;M;Relacionado;Leve;
440;2020-03-21T00:00:00.000;54001;Cúcuta;Norte de Santander;Recuperado;73;F;Relacionado;Leve;
441;2020-03-25T00:00:00.000;11001;Bogotá D.C.;Bogotá D.C.;Recuperado;43;F;Relacionado;Asintomático;
442;2020-03-25T00:00:00.000;11001;Bogotá D.C.;Bogotá D.C.;Recuperado;55;F;Relacionado;Asintomático;
443;2020-03-25T00:00:00.000;25754;Soacha;Cundinamarca;Recuperado;34;F;Relacionado;Asintomático;
444;2020-03-20T00:00:00.000;5001;Medellín;Antioquia;Recuperado;37;M;Importado;Leve;BRASIL
445;2020-03-23T00:00:00.000;15686;Santana;Boyacá;Recuperado;57;F;Relacionado;Leve;
446;2020-03-25T00:00:00.000;11001;Bogotá D.C.;Bogotá D.C.;Recuperado;35;F;Relacionado;Asintomático;
447;2020-03-23T00:00:00.000;25214;Cota;Cundinamarca;Recuperado;52;M;Relacionado;Leve;
448;2020-03-22T00:00:00.000;11001;Bogotá D.C.;Bogotá D.C.;Recuperado;40;M;Relacionado;Asintomático;
449;2020-03-21T00:00:00.000;19001;Popayán;Cauca;Recuperado;48;M;Relacionado;Leve;
450;2020-03-19T00:00:00.000;5001;Medellín;Antioquia;Recuperado;24;F;Relacionado;Leve;
451;2020-03-23T00:00:00.000;68001;Bucaramanga;Santander;Recuperado;33;F;Importado;Leve;MÉXICO
452;2020-03-25T00:00:00.000;5088;Bello;Antioquia;Recuperado;32;F;Importado;Leve;ESPAÑA
453;2020-03-25T00:00:00.000;17001;Manizales;Caldas;Recuperado;26;F;Importado;Leve;ESPAÑA
454;2020-03-25T00:00:00.000;11001;Bogotá D.C.;Bogotá D.C.;Recuperado;50;F;Importado;Leve;ESPAÑA
455;2020-03-21T00:00:00.000;76001;Cali;Valle del Cauca;Recuperado;35;F;Importado;Leve;ESTADOS UNIDOS
456;2020-03-25T00:00:00.000;76520;Palmira;Valle del Cauca;Recuperado;58;M;Relacionado;Leve;
457;2020-03-25T00:00:00.000;50001;Villavicencio;Meta;Recuperado;29;M;Importado;Leve;ESTADOS UNIDOS
458;2020-03-23T00:00:00.000;19001;Popayán;Cauca;Recuperado;45;F;En estudio;Leve;
459;2020-03-22T00:00:00.000;19001;Popayán;Cauca;Recuperado;26;M;Relacionado;Leve;
460;2020-03-22T00:00:00.000;63001;Armenia;Quindío;Recuperado;72;M;Relacionado;Leve;
461;2020-03-15T00:00:00.000;54001;Cúcuta;Norte de Santander;Recuperado;44;F;Relacionado;Leve;
462;2020-03-20T00:00:00.000;5284;Frontino;Antioquia;Recuperado;15;M;Relacionado;Leve;
463;2020-03-25T00:00:00.000;8001;Barranquilla;Barranquilla D.E.;Recuperado;19;F;Importado;Asintomático;ESPAÑA
464;2020-03-25T00:00:00.000;5001;Medellín;Antioquia;Recuperado;34;M;Relacionado;Leve;
465;2020-03-21T00:00:00.000;5001;Medellín;Antioquia;Recuperado;28;M;Relacionado;Leve;
466;2020-03-19T00:00:00.000;5001;Medellín;Antioquia;Recuperado;32;F;Relacionado;Leve;
467;2020-03-22T00:00:00.000;54001;Cúcuta;Norte de Santander;Recuperado;33;M;Importado;Asintomático;VENEZUELA
468;2020-03-24T00:00:00.000;19001;Popayán;Cauca;Recuperado;3;F;Relacionado;Leve;
469;2020-03-22T00:00:00.000;19001;Popayán;Cauca;Recuperado;32;F;Relacionado;Leve;
470;2020-03-21T00:00:00.000;19001;Popayán;Cauca;Recuperado;45;F;Relacionado;Leve;
471;2020-03-20T00:00:00.000;8001;Barranquilla;Barranquilla D.E.;Recuperado;50;F;Importado;Leve;ESTADOS UNIDOS
472;2020-03-22T00:00:00.000;11001;Bogotá D.C.;Bogotá D.C.;Recuperado;19;F;Importado;Leve;ALEMANIA
473;2020-03-22T00:00:00.000;11001;Bogotá D.C.;Bogotá D.C.;Recuperado;40;F;Relacionado;Leve;
474;2020-03-25T00:00:00.000;11001;Bogotá D.C.;Bogotá D.C.;Recuperado;33;F;Relacionado;Leve;
475;2020-03-25T00:00:00.000;11001;Bogotá D.C.;Bogotá D.C.;Recuperado;37;F;Importado;Leve;MÉXICO
476;2020-03-25T00:00:00.000;11001;Bogotá D.C.;Bogotá D.C.;Recuperado;41;M;Importado;Leve;MÉXICO
477;2020-03-25T00:00:00.000;25430;Madrid;Cundinamarca;Recuperado;30;F;Importado;Leve;ECUADOR
478;2020-03-25T00:00:00.000;11001;Bogotá D.C.;Bogotá D.C.;Recuperado;84;F;Relacionado;Leve;
479;2020-03-20T00:00:00.000;11001;Bogotá D.C.;Bogotá D.C.;Recuperado;61;F;Relacionado;Leve;
480;2020-03-25T00:00:00.000;11001;Bogotá D.C.;Bogotá D.C.;Recuperado;57;F;Importado;Asintomático;ESTADOS UNIDOS
481;2020-03-22T00:00:00.000;11001;Bogotá D.C.;Bogotá D.C.;Recuperado;42;F;Relacionado;Leve;
482;2020-03-21T00:00:00.000;11001;Bogotá D.C.;Bogotá D.C.;Recuperado;50;M;Importado;Leve;ECUADOR
483;2020-03-21T00:00:00.000;11001;Bogotá D.C.;Bogotá D.C.;Recuperado;51;M;En estudio;Leve;
484;2020-03-26T00:00:00.000;11001;Bogotá D.C.;Bogotá D.C.;Recuperado;39;M;Relacionado;Leve;
485;2020-03-26T00:00:00.000;11001;Bogotá D.C.;Bogotá D.C.;Recuperado;30;M;Relacionado;Leve;
486;2020-03-24T00:00:00.000;11001;Bogotá D.C.;Bogotá D.C.;Recuperado;37;F;Importado;Asintomático;ESPAÑA
487;2020-03-24T00:00:00.000;11001;Bogotá D.C.;Bogotá D.C.;Recuperado;22;M;Importado;Asintomático;ESPAÑA
488;2020-03-22T00:00:00.000;76001;Cali;Valle del Cauca;Recuperado;27;M;Relacionado;Leve;
489;2020-03-23T00:00:00.000;15001;Tunja;Boyacá;Recuperado;69;M;Importado;Leve;ESPAÑA
490;2020-03-22T00:00:00.000;76001;Cali;Valle del Cauca;Recuperado;32;M;Importado;Leve;ESTADOS UNIDOS
491;2020-03-25T00:00:00.000;11001;Bogotá D.C.;Bogotá D.C.;Fallecido;84;M;Relacionado;Fallecido;
492;2020-03-22T00:00:00.000;11001;Bogotá D.C.;Bogotá D.C.;Recuperado;85;M;Importado;Leve;ESPAÑA
493;2020-03-23T00:00:00.000;11001;Bogotá D.C.;Bogotá D.C.;Recuperado;65;M;Relacionado;Leve;
494;2020-03-21T00:00:00.000;11001;Bogotá D.C.;Bogotá D.C.;Recuperado;23;F;Relacionado;Leve;
495;2020-03-23T00:00:00.000;11001;Bogotá D.C.;Bogotá D.C.;Recuperado;35;M;Importado;Leve;PANAMA
496;2020-03-23T00:00:00.000;11001;Bogotá D.C.;Bogotá D.C.;Recuperado;32;F;Importado;Leve;PANAMA
497;2020-03-22T00:00:00.000;11001;Bogotá D.C.;Bogotá D.C.;Recuperado;34;M;Importado;Leve;ESTADOS UNIDOS
498;2020-03-23T00:00:00.000;11001;Bogotá D.C.;Bogotá D.C.;Recuperado;48;M;Importado;Leve;ESPAÑA
499;2020-03-22T00:00:00.000;11001;Bogotá D.C.;Bogotá D.C.;Recuperado;42;F;Importado;Leve;ESPAÑA
500;2020-03-22T00:00:00.000;11001;Bogotá D.C.;Bogotá D.C.;Recuperado;28;F;Importado;Leve;CHILE